,IA_LABEL,IA_ID,IA_LEFT,IA_TOP,batch,article_id,paragraph_id,level,RECORDING_SESSION_LABEL,TRIAL_INDEX,trial,list,has_preview,article_ind
0,south-east,32,358,378,1,1,5,Adv,l21_102,22,19,21,0,3
1,credit-card,35,358,378,1,10,1,Adv,l21_102,41,36,21,0,7
2,hunter-gatherer,47,358,492,1,6,4,Adv,l22_103,17,10,22,0,2
3,top-level,71,358,606,1,8,3,Ele,l22_103,20,13,22,0,3
4,credit-card,35,358,378,1,10,1,Adv,l39_125,40,31,39,0,7
5,south-east,32,358,378,1,1,5,Adv,l39_125,52,42,39,0,8
6,hunter-gatherer,47,358,492,1,6,4,Adv,l60_190,22,18,60,0,3
7,top-level,71,358,606,1,8,3,Ele,l60_190,64,54,60,0,10
8,hunter-gatherer,47,358,492,1,6,4,Adv,l50_145,12,12,50,0,2
9,top-level,71,358,606,1,8,3,Ele,l50_145,28,26,50,0,5
10,top-level,71,358,606,1,8,3,Ele,l16_96,13,11,16,0,2
11,hunter-gatherer,47,358,492,1,6,4,Adv,l16_96,28,26,16,0,5
12,top-level,71,358,606,1,8,3,Ele,l40_127,10,10,40,0,2
13,hunter-gatherer,47,358,492,1,6,4,Adv,l40_127,46,45,40,0,8
14,hunter-gatherer,47,358,492,1,6,4,Adv,l4_80,24,23,4,0,4
15,top-level,71,358,606,1,8,3,Ele,l4_80,45,42,4,0,8
16,credit-card,35,358,378,1,10,1,Adv,l41_129,9,7,41,0,2
17,south-east,32,358,378,1,1,5,Adv,l41_129,21,18,41,0,3
18,credit-card,35,358,378,1,10,1,Adv,l17_98,11,7,17,0,2
19,south-east,32,358,378,1,1,5,Adv,l17_98,87,54,17,0,10
20,top-level,71,358,606,1,8,3,Ele,l24_105,33,24,24,0,4
21,hunter-gatherer,47,358,492,1,6,4,Adv,l24_105,69,56,24,0,10
22,credit-card,35,358,378,1,10,1,Adv,l23_97,24,18,23,0,4
23,south-east,32,358,378,1,1,5,Adv,l23_97,35,29,23,0,5
24,credit-card,35,358,378,1,10,1,Adv,l55_157,11,8,55,0,2
25,south-east,32,358,378,1,1,5,Adv,l55_157,34,19,55,0,3
26,top-level,71,358,606,1,8,3,Ele,l30_111,15,11,30,0,2
27,hunter-gatherer,47,358,492,1,6,4,Adv,l30_111,53,38,30,0,7
28,top-level,71,358,606,1,8,3,Ele,l14_94,13,12,14,0,2
29,hunter-gatherer,47,358,492,1,6,4,Adv,l14_94,39,35,14,0,6
30,hunter-gatherer,47,358,492,1,6,4,Adv,l54_151,48,41,54,0,7
31,top-level,71,358,606,1,8,3,Ele,l54_151,57,50,54,0,9
32,hunter-gatherer,47,358,492,1,6,4,Adv,l58_177,39,39,58,0,7
33,top-level,71,358,606,1,8,3,Ele,l58_177,56,54,58,0,10
34,hunter-gatherer,47,358,492,1,6,4,Adv,l18_99,7,6,18,0,1
35,top-level,71,358,606,1,8,3,Ele,l18_99,21,20,18,0,4
36,top-level,71,358,606,1,8,3,Ele,l56_159,38,29,56,0,5
37,hunter-gatherer,47,358,492,1,6,4,Adv,l56_159,57,46,56,0,8
38,south-east,32,358,378,1,1,5,Adv,l37_120,59,47,37,0,9
39,credit-card,35,358,378,1,10,1,Adv,l37_120,62,50,37,0,10
40,credit-card,35,358,378,1,10,1,Adv,l53_150,20,16,53,0,4
41,south-east,32,358,378,1,1,5,Adv,l53_150,56,49,53,0,9
42,south-east,32,358,378,1,1,5,Adv,l15_95,36,34,15,0,6
43,credit-card,35,358,378,1,10,1,Adv,l15_95,43,41,15,0,8
44,top-level,71,358,606,1,8,3,Ele,l34_116,18,12,34,0,2
45,hunter-gatherer,47,358,492,1,6,4,Adv,l34_116,70,56,34,0,10
46,top-level,71,358,606,1,8,3,Ele,l36_119,23,23,36,0,4
47,hunter-gatherer,47,358,492,1,6,4,Adv,l36_119,46,46,36,0,8
48,top-level,71,358,606,1,8,3,Ele,l48_140,31,30,48,0,5
49,hunter-gatherer,47,358,492,1,6,4,Adv,l48_140,46,45,48,0,8
50,hunter-gatherer,47,358,492,1,6,4,Adv,l6_83,32,23,6,0,4
51,top-level,71,358,606,1,8,3,Ele,l6_83,52,37,6,0,7
52,credit-card,35,358,378,1,10,1,Adv,l35_118,27,26,35,0,6
53,south-east,32,358,378,1,1,5,Adv,l35_118,46,43,35,0,8
54,credit-card,35,358,378,1,10,1,Adv,l45_135,24,24,45,0,5
55,south-east,32,358,378,1,1,5,Adv,l45_135,51,50,45,0,9
56,top-level,71,358,606,1,8,3,Ele,l20_101,12,12,20,0,2
57,hunter-gatherer,47,358,492,1,6,4,Adv,l20_101,63,56,20,0,10
58,credit-card,35,358,378,1,10,1,Adv,l51_147,14,13,51,0,3
59,south-east,32,358,378,1,1,5,Adv,l51_147,33,30,51,0,5
60,top-level,71,358,606,1,8,3,Ele,l12_92,22,18,12,0,3
61,hunter-gatherer,47,358,492,1,6,4,Adv,l12_92,49,43,12,0,8
62,south-east,32,358,378,1,1,5,Adv,l5_82,34,28,5,0,5
63,credit-card,35,358,378,1,10,1,Adv,l5_82,42,35,5,0,7
64,hunter-gatherer,47,358,492,1,6,4,Adv,l52_149,14,12,52,0,2
65,top-level,71,358,606,1,8,3,Ele,l52_149,23,20,52,0,4
66,hunter-gatherer,47,358,492,1,6,4,Adv,l38_121,26,26,38,0,5
67,top-level,71,358,606,1,8,3,Ele,l38_121,41,41,38,0,8
68,south-east,32,358,378,1,1,5,Adv,l13_93,29,28,13,0,5
69,credit-card,35,358,378,1,10,1,Adv,l13_93,42,41,13,0,8
70,south-east,32,358,378,1,1,5,Adv,l29_110,35,32,29,0,6
71,credit-card,35,358,378,1,10,1,Adv,l29_110,49,45,29,0,9
72,credit-card,35,358,378,1,10,1,Adv,l19_100,12,8,19,0,2
73,south-east,32,358,378,1,1,5,Adv,l19_100,65,50,19,0,9
74,credit-card,35,358,378,1,10,1,Adv,l1_168,3,3,1,0,1
75,south-east,32,358,378,1,1,5,Adv,l1_168,19,19,1,0,3
76,credit-card,35,358,378,1,10,1,Adv,l27_108,36,23,27,0,5
77,south-east,32,358,378,1,1,5,Adv,l27_108,70,54,27,0,10
78,hunter-gatherer,47,358,492,1,6,4,Adv,l26_107,42,29,26,0,5
79,top-level,71,358,606,1,8,3,Ele,l26_107,58,45,26,0,8
80,south-east,32,358,378,1,1,5,Adv,l57_170,27,23,57,0,4
81,credit-card,35,358,378,1,10,1,Adv,l57_170,44,40,57,0,8
82,south-east,32,358,378,1,1,5,Adv,l25_106,11,11,25,0,2
83,credit-card,35,358,378,1,10,1,Adv,l25_106,40,40,25,0,8
84,credit-card,35,358,378,1,10,1,Adv,l31_112,9,8,31,0,2
85,south-east,32,358,378,1,1,5,Adv,l31_112,36,34,31,0,6
86,south-east,32,358,378,1,1,5,Adv,l33_115,28,27,33,0,5
87,credit-card,35,358,378,1,10,1,Adv,l33_115,53,50,33,0,10
88,top-level,71,358,606,1,8,3,Ele,l2_174,38,37,2,0,7
89,hunter-gatherer,47,358,492,1,6,4,Adv,l2_174,53,50,2,0,9
90,credit-card,35,358,378,1,10,1,Adv,l43_131,26,23,43,0,5
91,south-east,32,358,378,1,1,5,Adv,l43_131,57,54,43,0,10
92,south-east,32,358,378,1,1,5,Adv,l11_91,38,27,11,0,5
93,credit-card,35,358,378,1,10,1,Adv,l11_91,65,50,11,0,10
94,south-east,32,358,378,1,1,5,Adv,l47_138,21,18,47,0,3
95,credit-card,35,358,378,1,10,1,Adv,l47_138,31,26,47,0,5
96,top-level,71,358,606,1,8,3,Ele,l46_137,35,32,46,0,6
97,hunter-gatherer,47,358,492,1,6,4,Adv,l46_137,46,43,46,0,8
98,credit-card,35,358,378,1,10,1,Adv,l49_143,43,34,49,0,7
99,south-east,32,358,378,1,1,5,Adv,l49_143,56,45,49,0,8
100,honey-flavored,47,358,492,2,8,2,Ele,l26_244,4,4,26,0,1
101,100sq-meter,43,358,492,2,6,2,Adv,l26_244,10,10,26,0,2
102,honey-flavored,47,358,492,2,8,2,Ele,l18_220,15,14,18,0,3
103,100sq-meter,43,358,492,2,6,2,Adv,l18_220,49,41,18,0,8
104,deep-fried,17,358,264,2,10,2,Adv,l7_199,10,10,7,0,2
105,film-makers.,16,358,264,2,8,6,Adv,l7_199,30,30,7,0,5
106,post-genocide,32,358,378,2,8,6,Adv,l7_199,30,30,7,0,5
107,film-editing,95,358,834,2,8,6,Adv,l7_199,30,30,7,0,5
108,film-makers.,16,358,264,2,8,6,Adv,l25_243,33,33,25,0,6
109,post-genocide,32,358,378,2,8,6,Adv,l25_243,33,33,25,0,6
110,film-editing,95,358,834,2,8,6,Adv,l25_243,33,33,25,0,6
111,deep-fried,17,358,264,2,10,2,Adv,l25_243,42,42,25,0,8
112,film-makers.,16,358,264,2,8,6,Adv,l27_245,13,8,27,0,1
113,post-genocide,32,358,378,2,8,6,Adv,l27_245,13,8,27,0,1
114,film-editing,95,358,834,2,8,6,Adv,l27_245,13,8,27,0,1
115,deep-fried,17,358,264,2,10,2,Adv,l27_245,48,37,27,0,7
116,honey-flavored,47,358,492,2,8,2,Ele,l2_165,4,4,2,0,1
117,100sq-meter,43,358,492,2,6,2,Adv,l2_165,49,48,2,0,9
118,honey-flavored,47,358,492,2,8,2,Ele,l12_207,18,16,12,0,3
119,100sq-meter,43,358,492,2,6,2,Adv,l12_207,25,22,12,0,4
120,film-makers.,16,358,264,2,8,6,Adv,l13_213,28,19,13,0,3
121,post-genocide,32,358,378,2,8,6,Adv,l13_213,28,19,13,0,3
122,film-editing,95,358,834,2,8,6,Adv,l13_213,28,19,13,0,3
123,deep-fried,17,358,264,2,10,2,Adv,l13_213,55,37,13,0,7
124,film-makers.,16,358,264,2,8,6,Adv,l23_234,18,15,23,0,2
125,post-genocide,32,358,378,2,8,6,Adv,l23_234,18,15,23,0,2
126,film-editing,95,358,834,2,8,6,Adv,l23_234,18,15,23,0,2
127,deep-fried,17,358,264,2,10,2,Adv,l23_234,43,38,23,0,7
128,film-makers.,16,358,264,2,8,6,Adv,l21_232,26,21,21,0,3
129,post-genocide,32,358,378,2,8,6,Adv,l21_232,26,21,21,0,3
130,film-editing,95,358,834,2,8,6,Adv,l21_232,26,21,21,0,3
131,deep-fried,17,358,264,2,10,2,Adv,l21_232,49,43,21,0,8
132,honey-flavored,47,358,492,2,8,2,Ele,l22_233,28,26,22,0,5
133,100sq-meter,43,358,492,2,6,2,Adv,l22_233,50,43,22,0,8
134,film-makers.,16,358,264,2,8,6,Adv,l31_257,9,8,31,0,1
135,post-genocide,32,358,378,2,8,6,Adv,l31_257,9,8,31,0,1
136,film-editing,95,358,834,2,8,6,Adv,l31_257,9,8,31,0,1
137,deep-fried,17,358,264,2,10,2,Adv,l31_257,11,10,31,0,2
138,deep-fried,17,358,264,2,10,2,Adv,l5_179,4,4,5,0,1
139,film-makers.,16,358,264,2,8,6,Adv,l5_179,25,24,5,0,4
140,post-genocide,32,358,378,2,8,6,Adv,l5_179,25,24,5,0,4
141,film-editing,95,358,834,2,8,6,Adv,l5_179,25,24,5,0,4
142,100sq-meter,43,358,492,2,6,2,Adv,l28_246,4,4,28,0,1
143,honey-flavored,47,358,492,2,8,2,Ele,l28_246,18,17,28,0,4
144,film-makers.,16,358,264,2,8,6,Adv,l29_248,17,12,29,0,2
145,post-genocide,32,358,378,2,8,6,Adv,l29_248,17,12,29,0,2
146,film-editing,95,358,834,2,8,6,Adv,l29_248,17,12,29,0,2
147,deep-fried,17,358,264,2,10,2,Adv,l29_248,82,47,29,0,9
148,honey-flavored,47,358,492,2,8,2,Ele,l24_241,15,14,24,0,3
149,100sq-meter,43,358,492,2,6,2,Adv,l24_241,61,54,24,0,10
150,film-makers.,16,358,264,2,8,6,Adv,l3_167,8,8,3,0,1
151,post-genocide,32,358,378,2,8,6,Adv,l3_167,8,8,3,0,1
152,film-editing,95,358,834,2,8,6,Adv,l3_167,8,8,3,0,1
153,deep-fried,17,358,264,2,10,2,Adv,l3_167,43,42,3,0,8
154,100sq-meter,43,358,492,2,6,2,Adv,l8_200,4,4,8,0,1
155,honey-flavored,47,358,492,2,8,2,Ele,l8_200,60,52,8,0,10
156,deep-fried,17,358,264,2,10,2,Adv,l1_161,48,42,1,0,8
157,film-makers.,16,358,264,2,8,6,Adv,l1_161,62,56,1,0,10
158,post-genocide,32,358,378,2,8,6,Adv,l1_161,62,56,1,0,10
159,film-editing,95,358,834,2,8,6,Adv,l1_161,62,56,1,0,10
160,honey-flavored,47,358,492,2,8,2,Ele,l10_202,18,14,10,0,3
161,100sq-meter,43,358,492,2,6,2,Adv,l10_202,35,30,10,0,6
162,deep-fried,17,358,264,2,10,2,Adv,l9_201,31,27,9,0,5
163,film-makers.,16,358,264,2,8,6,Adv,l9_201,67,56,9,0,10
164,post-genocide,32,358,378,2,8,6,Adv,l9_201,67,56,9,0,10
165,film-editing,95,358,834,2,8,6,Adv,l9_201,67,56,9,0,10
166,film-makers.,16,358,264,2,8,6,Adv,l11_205,35,22,11,0,4
167,post-genocide,32,358,378,2,8,6,Adv,l11_205,35,22,11,0,4
168,film-editing,95,358,834,2,8,6,Adv,l11_205,35,22,11,0,4
169,deep-fried,17,358,264,2,10,2,Adv,l11_205,73,54,11,0,10
170,honey-flavored,47,358,492,2,8,2,Ele,l20_253,47,42,20,0,8
171,100sq-meter,43,358,492,2,6,2,Adv,l20_253,59,54,20,0,10
172,honey-flavored,47,358,492,2,8,2,Ele,l4_172,41,40,4,0,7
173,100sq-meter,43,358,492,2,6,2,Adv,l4_172,47,46,4,0,8
174,100sq-meter,43,358,492,2,6,2,Adv,l32_263,14,14,32,0,3
175,honey-flavored,47,358,492,2,8,2,Ele,l32_263,24,24,32,0,5
176,honey-flavored,47,358,492,2,8,2,Ele,l6_187,11,8,6,0,2
177,100sq-meter,43,358,492,2,6,2,Adv,l6_187,43,36,6,0,7
178,100sq-meter,43,358,492,2,6,2,Adv,l16_218,9,8,16,0,2
179,honey-flavored,47,358,492,2,8,2,Ele,l16_218,15,12,16,0,3
180,100sq-meter,43,358,492,2,6,2,Adv,l30_254,11,10,30,0,2
181,honey-flavored,47,358,492,2,8,2,Ele,l30_254,27,25,30,0,5
182,deep-fried,17,358,264,2,10,2,Adv,l15_210,10,10,15,0,2
183,film-makers.,16,358,264,2,8,6,Adv,l15_210,46,43,15,0,8
184,post-genocide,32,358,378,2,8,6,Adv,l15_210,46,43,15,0,8
185,film-editing,95,358,834,2,8,6,Adv,l15_210,46,43,15,0,8
186,deep-fried,17,358,264,2,10,2,Adv,l17_219,19,16,17,0,3
187,film-makers.,16,358,264,2,8,6,Adv,l17_219,54,45,17,0,8
188,post-genocide,32,358,378,2,8,6,Adv,l17_219,54,45,17,0,8
189,film-editing,95,358,834,2,8,6,Adv,l17_219,54,45,17,0,8
190,deep-fried,17,358,264,2,10,2,Adv,l19_230,25,19,19,0,4
191,film-makers.,16,358,264,2,8,6,Adv,l19_230,49,40,19,0,7
192,post-genocide,32,358,378,2,8,6,Adv,l19_230,49,40,19,0,7
193,film-editing,95,358,834,2,8,6,Adv,l19_230,49,40,19,0,7
194,hunter-gatherer,47,358,492,1,6,4,Adv,l8_268,11,6,8,0,1
195,top-level,71,358,606,1,8,3,Ele,l8_268,68,54,8,0,10
196,south-east,32,358,378,1,1,5,Adv,l3_265,37,36,3,0,7
197,credit-card,35,358,378,1,10,1,Adv,l3_265,46,44,3,0,9
198,hunter-gatherer,47,358,492,1,6,4,Adv,l42_290,13,6,42,0,1
199,top-level,71,358,606,1,8,3,Ele,l42_290,36,22,42,0,4
200,hunter-gatherer,47,358,492,1,6,4,Adv,l10_269,20,16,10,0,3
201,top-level,71,358,606,1,8,3,Ele,l10_269,30,26,10,0,5
202,top-level,71,358,606,1,8,3,Ele,l44_291,6,5,44,0,1
203,hunter-gatherer,47,358,492,1,6,4,Adv,l44_291,54,49,44,0,9
204,south-east,32,358,378,1,1,5,Adv,l7_267,8,7,7,0,1
205,credit-card,35,358,378,1,10,1,Adv,l7_267,59,45,7,0,9
206,credit-card,35,358,378,1,10,1,Adv,l59_293,4,3,59,0,1
207,south-east,32,358,378,1,1,5,Adv,l59_293,17,14,59,0,2
208,three-square-meter,68,358,606,3,9,1,Adv,l20_362,26,24,20,0,5
209,"open-minded,",83,358,720,3,10,5,Ele,l5_332,18,17,5,0,3
210,three-square-meter,54,358,492,3,9,1,Ele,l5_332,26,25,5,0,5
211,French-Canadian,49,358,492,3,7,4,Adv,l5_332,49,46,5,0,9
212,brand-new,19,358,264,3,7,5,Adv,l5_332,50,47,5,0,9
213,e-bicycles,65,358,606,3,6,3,Adv,l5_332,55,52,5,0,10
214,three-square-meter,68,358,606,3,9,1,Adv,l12_345,3,3,12,0,1
215,e-bicycles,65,358,606,3,6,3,Adv,l11_344,11,10,11,0,2
216,three-square-meter,54,358,492,3,9,1,Ele,l11_344,42,40,11,0,8
217,French-Canadian,49,358,492,3,7,4,Adv,l11_344,49,47,11,0,9
218,brand-new,19,358,264,3,7,5,Adv,l11_344,50,48,11,0,9
219,"open-minded,",83,358,720,3,10,5,Ele,l11_344,57,55,11,0,10
220,three-square-meter,54,358,492,3,9,1,Ele,l9_340,3,3,9,0,1
221,French-Canadian,49,358,492,3,7,4,Adv,l9_340,37,29,9,0,6
222,brand-new,19,358,264,3,7,5,Adv,l9_340,39,30,9,0,6
223,e-bicycles,65,358,606,3,6,3,Adv,l9_340,44,35,9,0,7
224,"open-minded,",83,358,720,3,10,5,Ele,l9_340,54,44,9,0,8
225,three-square-meter,68,358,606,3,9,1,Adv,l32_390,25,20,32,0,4
226,three-square-meter,54,358,492,3,9,1,Ele,l19_365,13,13,19,0,3
227,e-bicycles,65,358,606,3,6,3,Adv,l19_365,20,19,19,0,4
228,"open-minded,",83,358,720,3,10,5,Ele,l19_365,35,28,19,0,5
229,French-Canadian,49,358,492,3,7,4,Adv,l19_365,65,53,19,0,10
230,brand-new,19,358,264,3,7,5,Adv,l19_365,67,54,19,0,10
231,three-square-meter,68,358,606,3,9,1,Adv,l28_380,9,8,28,0,2
232,e-bicycles,65,358,606,3,6,3,Adv,l27_378,12,11,27,0,2
233,"open-minded,",83,358,720,3,10,5,Ele,l27_378,21,20,27,0,3
234,French-Canadian,49,358,492,3,7,4,Adv,l27_378,31,29,27,0,5
235,brand-new,19,358,264,3,7,5,Adv,l27_378,32,30,27,0,5
236,three-square-meter,54,358,492,3,9,1,Ele,l27_378,40,38,27,0,7
237,three-square-meter,68,358,606,3,9,1,Adv,l8_339,26,25,8,0,5
238,three-square-meter,54,358,492,3,9,1,Ele,l7_336,3,3,7,0,1
239,e-bicycles,65,358,606,3,6,3,Adv,l7_336,15,14,7,0,3
240,"open-minded,",83,358,720,3,10,5,Ele,l7_336,24,23,7,0,4
241,French-Canadian,49,358,492,3,7,4,Adv,l7_336,50,49,7,0,9
242,brand-new,19,358,264,3,7,5,Adv,l7_336,51,50,7,0,9
243,three-square-meter,54,358,492,3,9,1,Ele,l23_368,9,8,23,0,2
244,"open-minded,",83,358,720,3,10,5,Ele,l23_368,31,27,23,0,5
245,e-bicycles,65,358,606,3,6,3,Adv,l23_368,36,31,23,0,6
246,French-Canadian,49,358,492,3,7,4,Adv,l23_368,48,39,23,0,7
247,brand-new,19,358,264,3,7,5,Adv,l23_368,49,40,23,0,7
248,three-square-meter,68,358,606,3,9,1,Adv,l10_341,10,9,10,0,2
249,three-square-meter,68,358,606,3,9,1,Adv,l4_331,3,3,4,0,1
250,three-square-meter,54,358,492,3,9,1,Ele,l21_366,12,8,21,0,2
251,e-bicycles,65,358,606,3,6,3,Adv,l21_366,25,19,21,0,4
252,French-Canadian,49,358,492,3,7,4,Adv,l21_366,46,38,21,0,7
253,brand-new,19,358,264,3,7,5,Adv,l21_366,47,39,21,0,7
254,"open-minded,",83,358,720,3,10,5,Ele,l21_366,55,46,21,0,8
255,three-square-meter,68,358,606,3,9,1,Adv,l22_367,12,10,22,0,2
256,French-Canadian,49,358,492,3,7,4,Adv,l13_348,14,11,13,0,2
257,brand-new,19,358,264,3,7,5,Adv,l13_348,15,12,13,0,2
258,three-square-meter,54,358,492,3,9,1,Ele,l13_348,24,20,13,0,4
259,"open-minded,",83,358,720,3,10,5,Ele,l13_348,46,34,13,0,6
260,e-bicycles,65,358,606,3,6,3,Adv,l13_348,51,38,13,0,7
261,French-Canadian,49,358,492,3,7,4,Adv,l25_373,12,11,25,0,2
262,brand-new,19,358,264,3,7,5,Adv,l25_373,13,12,25,0,2
263,e-bicycles,65,358,606,3,6,3,Adv,l25_373,39,37,25,0,7
264,"open-minded,",83,358,720,3,10,5,Ele,l25_373,48,46,25,0,8
265,three-square-meter,54,358,492,3,9,1,Ele,l25_373,55,53,25,0,10
266,three-square-meter,68,358,606,3,9,1,Adv,l26_375,32,31,26,0,6
267,e-bicycles,65,358,606,3,6,3,Adv,l31_388,6,5,31,0,1
268,French-Canadian,49,358,492,3,7,4,Adv,l31_388,26,22,31,0,4
269,brand-new,19,358,264,3,7,5,Adv,l31_388,27,23,31,0,4
270,"open-minded,",83,358,720,3,10,5,Ele,l31_388,42,36,31,0,6
271,three-square-meter,54,358,492,3,9,1,Ele,l31_388,56,48,31,0,9
272,three-square-meter,68,358,606,3,9,1,Adv,l24_372,8,8,24,0,2
273,three-square-meter,68,358,606,3,9,1,Adv,l30_386,4,3,30,0,1
274,French-Canadian,49,358,492,3,7,4,Adv,l3_327,7,6,3,0,1
275,brand-new,19,358,264,3,7,5,Adv,l3_327,8,7,3,0,1
276,e-bicycles,65,358,606,3,6,3,Adv,l3_327,13,12,3,0,2
277,three-square-meter,54,358,492,3,9,1,Ele,l3_327,42,37,3,0,7
278,"open-minded,",83,358,720,3,10,5,Ele,l3_327,50,45,3,0,8
279,three-square-meter,68,358,606,3,9,1,Adv,l6_329,61,53,6,0,10
280,e-bicycles,65,358,606,3,6,3,Adv,l1_322,15,15,1,0,3
281,three-square-meter,54,358,492,3,9,1,Ele,l1_322,20,20,1,0,4
282,French-Canadian,49,358,492,3,7,4,Adv,l1_322,27,27,1,0,5
283,brand-new,19,358,264,3,7,5,Adv,l1_322,28,28,1,0,5
284,"open-minded,",83,358,720,3,10,5,Ele,l1_322,35,35,1,0,6
285,three-square-meter,68,358,606,3,9,1,Adv,l2_324,62,53,2,0,10
286,honey-flavored,47,358,492,2,8,2,Ele,l44_312,4,4,44,0,1
287,100sq-meter,43,358,492,2,6,2,Adv,l44_312,21,20,44,0,4
288,100sq-meter,43,358,492,2,6,2,Adv,l36_280,4,4,36,0,1
289,honey-flavored,47,358,492,2,8,2,Ele,l36_280,24,19,36,0,4
290,film-makers.,16,358,264,2,8,6,Adv,l39_299,19,19,39,0,3
291,post-genocide,32,358,378,2,8,6,Adv,l39_299,19,19,39,0,3
292,film-editing,95,358,834,2,8,6,Adv,l39_299,19,19,39,0,3
293,deep-fried,17,358,264,2,10,2,Adv,l39_299,31,30,39,0,6
294,100sq-meter,43,358,492,2,6,2,Adv,l42_308,4,4,42,0,1
295,honey-flavored,47,358,492,2,8,2,Ele,l42_308,14,14,42,0,3
296,honey-flavored,47,358,492,2,8,2,Ele,l40_300,21,18,40,0,4
297,100sq-meter,43,358,492,2,6,2,Adv,l40_300,45,42,40,0,8
298,honey-flavored,47,358,492,2,8,2,Ele,l38_282,4,4,38,0,1
299,100sq-meter,43,358,492,2,6,2,Adv,l38_282,21,20,38,0,4
300,film-makers.,16,358,264,2,8,6,Adv,l33_276,54,42,33,0,7
301,post-genocide,32,358,378,2,8,6,Adv,l33_276,54,42,33,0,7
302,film-editing,95,358,834,2,8,6,Adv,l33_276,54,42,33,0,7
303,deep-fried,17,358,264,2,10,2,Adv,l33_276,68,54,33,0,10
304,deep-fried,17,358,264,2,10,2,Adv,l47_319,27,27,47,0,5
305,film-makers.,16,358,264,2,8,6,Adv,l47_319,41,41,47,0,7
306,post-genocide,32,358,378,2,8,6,Adv,l47_319,41,41,47,0,7
307,film-editing,95,358,834,2,8,6,Adv,l47_319,41,41,47,0,7
308,honey-flavored,47,358,492,2,8,2,Ele,l46_317,29,21,46,0,4
309,100sq-meter,43,358,492,2,6,2,Adv,l46_317,57,43,46,0,8
310,deep-fried,17,358,264,2,10,2,Adv,l35_278,21,20,35,0,4
311,film-makers.,16,358,264,2,8,6,Adv,l35_278,35,34,35,0,6
312,post-genocide,32,358,378,2,8,6,Adv,l35_278,35,34,35,0,6
313,film-editing,95,358,834,2,8,6,Adv,l35_278,35,34,35,0,6
314,deep-fried,17,358,264,2,10,2,Adv,l43_310,9,8,43,0,2
315,film-makers.,16,358,264,2,8,6,Adv,l43_310,18,16,43,0,3
316,post-genocide,32,358,378,2,8,6,Adv,l43_310,18,16,43,0,3
317,film-editing,95,358,834,2,8,6,Adv,l43_310,18,16,43,0,3
318,honey-flavored,47,358,492,2,8,2,Ele,l34_277,27,25,34,0,5
319,100sq-meter,43,358,492,2,6,2,Adv,l34_277,59,54,34,0,10
320,deep-fried,17,358,264,2,10,2,Adv,l41_303,19,16,41,0,3
321,film-makers.,16,358,264,2,8,6,Adv,l41_303,33,28,41,0,5
322,post-genocide,32,358,378,2,8,6,Adv,l41_303,33,28,41,0,5
323,film-editing,95,358,834,2,8,6,Adv,l41_303,33,28,41,0,5
324,French-Canadian,49,358,492,3,7,4,Adv,l17_356,6,6,17,0,1
325,brand-new,19,358,264,3,7,5,Adv,l17_356,7,7,17,0,1
326,"open-minded,",83,358,720,3,10,5,Ele,l17_356,24,23,17,0,4
327,three-square-meter,54,358,492,3,9,1,Ele,l17_356,26,25,17,0,5
328,e-bicycles,65,358,606,3,6,3,Adv,l17_356,48,47,17,0,9
329,e-bicycles,65,358,606,3,6,3,Adv,l15_350,12,10,15,0,2
330,French-Canadian,49,358,492,3,7,4,Adv,l15_350,27,24,15,0,4
331,brand-new,19,358,264,3,7,5,Adv,l15_350,28,25,15,0,4
332,"open-minded,",83,358,720,3,10,5,Ele,l15_350,53,46,15,0,8
333,three-square-meter,54,358,492,3,9,1,Ele,l15_350,55,48,15,0,9
334,three-square-meter,68,358,606,3,9,1,Adv,l16_354,22,19,16,0,4
335,three-square-meter,68,358,606,3,9,1,Adv,l14_352,52,48,14,0,9
336,film-makers.,16,358,264,2,8,6,Adv,l59_485,29,29,59,0,5
337,post-genocide,32,358,378,2,8,6,Adv,l59_485,29,29,59,0,5
338,film-editing,95,358,834,2,8,6,Adv,l59_485,29,29,59,0,5
339,51-year-old,64,358,606,2,1,5,Adv,l59_485,49,49,59,0,9
340,hunter-gatherer,47,358,492,1,6,4,Adv,l28_495,28,28,28,0,5
341,6.30am;,17,358,264,1,9,2,Ele,l28_495,37,37,28,0,7
342,10-year-olds,52,358,492,1,9,2,Ele,l28_495,37,37,28,0,7
343,hunter-gatherer,47,358,492,1,6,4,Adv,l32_502,13,13,32,0,2
344,6.30am;,17,358,264,1,9,2,Ele,l32_502,37,37,32,0,7
345,10-year-olds,52,358,492,1,9,2,Ele,l32_502,37,37,32,0,7
346,south-east,32,358,378,1,1,5,Adv,l9_491,36,34,9,0,6
347,51-year-old,64,358,606,2,1,5,Adv,l53_478,46,39,53,0,7
348,film-makers.,16,358,264,2,8,6,Adv,l53_478,65,56,53,0,10
349,post-genocide,32,358,378,2,8,6,Adv,l53_478,65,56,53,0,10
350,film-editing,95,358,834,2,8,6,Adv,l53_478,65,56,53,0,10
351,51-year-old,64,358,606,2,1,5,Adv,l49_471,8,7,49,0,1
352,film-makers.,16,358,264,2,8,6,Adv,l49_471,53,52,49,0,9
353,post-genocide,32,358,378,2,8,6,Adv,l49_471,53,52,49,0,9
354,film-editing,95,358,834,2,8,6,Adv,l49_471,53,52,49,0,9
355,51-year-old,64,358,606,2,1,5,Adv,l51_475,14,13,51,0,2
356,film-makers.,16,358,264,2,8,6,Adv,l51_475,43,41,51,0,7
357,post-genocide,32,358,378,2,8,6,Adv,l51_475,43,41,51,0,7
358,film-editing,95,358,834,2,8,6,Adv,l51_475,43,41,51,0,7
359,three-square-meter,77,358,606,3,9,1,Adv,l56_438,21,20,56,0,4
360,Seven-year-old,87,358,834,3,9,3,Adv,l56_438,23,22,56,0,4
361,"open-minded,",83,358,720,3,10,5,Ele,l55_437,7,7,55,0,1
362,three-square-meter,63,358,492,3,9,1,Ele,l55_437,9,9,55,0,2
363,al-Mamun.,31,358,378,3,9,3,Ele,l55_437,11,11,55,0,2
364,el-Haite,109,358,948,3,1,3,Adv,l55_437,15,15,55,0,3
365,100-seat,92,358,834,3,3,4,Adv,l55_437,25,21,55,0,4
366,el-Haite,109,358,948,3,1,3,Adv,L41_408,32,32,41,0,6
367,100-seat,92,358,834,3,3,4,Adv,L41_408,38,38,41,0,7
368,"open-minded,",83,358,720,3,10,5,Ele,L41_408,44,44,41,0,8
369,three-square-meter,63,358,492,3,9,1,Ele,L41_408,54,53,41,0,10
370,al-Mamun.,31,358,378,3,9,3,Ele,L41_408,56,55,41,0,10
371,three-square-meter,77,358,606,3,9,1,Adv,l18_449,12,10,18,0,2
372,Seven-year-old,87,358,834,3,9,3,Adv,l18_449,14,12,18,0,2
373,"open-minded,",83,358,720,3,10,5,Ele,l35_399,19,14,35,0,2
374,100-seat,92,358,834,3,3,4,Adv,l35_399,24,19,35,0,3
375,three-square-meter,63,358,492,3,9,1,Ele,l35_399,26,21,35,0,4
376,al-Mamun.,31,358,378,3,9,3,Ele,l35_399,28,23,35,0,4
377,el-Haite,109,358,948,3,1,3,Adv,l35_399,51,43,35,0,8
378,three-square-meter,77,358,606,3,9,1,Adv,l34_398,13,13,34,0,3
379,Seven-year-old,87,358,834,3,9,3,Adv,l34_398,15,15,34,0,3
380,el-Haite,109,358,948,3,1,3,Adv,l57_463,11,10,57,0,2
381,"open-minded,",83,358,720,3,10,5,Ele,l57_463,20,17,57,0,3
382,three-square-meter,63,358,492,3,9,1,Ele,l57_463,39,35,57,0,7
383,al-Mamun.,31,358,378,3,9,3,Ele,l57_463,41,37,57,0,7
384,100-seat,92,358,834,3,3,4,Adv,l57_463,55,48,57,0,9
385,three-square-meter,77,358,606,3,9,1,Adv,l48_421,30,30,48,0,6
386,Seven-year-old,87,358,834,3,9,3,Adv,l48_421,32,32,48,0,6
387,three-square-meter,77,358,606,3,9,1,Adv,l38_402,46,43,38,0,8
388,Seven-year-old,87,358,834,3,9,3,Adv,l38_402,48,45,38,0,8
389,three-square-meter,77,358,606,3,9,1,Adv,l52_430,16,16,52,0,3
390,Seven-year-old,87,358,834,3,9,3,Adv,l52_430,21,18,52,0,3
391,"open-minded,",83,358,720,3,10,5,Ele,l39_404,22,17,39,0,3
392,el-Haite,109,358,948,3,1,3,Adv,l39_404,33,27,39,0,5
393,100-seat,92,358,834,3,3,4,Adv,l39_404,46,40,39,0,7
394,three-square-meter,63,358,492,3,9,1,Ele,l39_404,59,53,39,0,10
395,al-Mamun.,31,358,378,3,9,3,Ele,l39_404,61,55,39,0,10
396,100-seat,92,358,834,3,3,4,Adv,l45_415,18,18,45,0,3
397,"open-minded,",83,358,720,3,10,5,Ele,l45_415,24,24,45,0,4
398,three-square-meter,63,358,492,3,9,1,Ele,l45_415,31,31,45,0,6
399,al-Mamun.,31,358,378,3,9,3,Ele,l45_415,33,33,45,0,6
400,el-Haite,109,358,948,3,1,3,Adv,l45_415,47,47,45,0,9
401,100-seat,92,358,834,3,3,4,Adv,l37_401,37,35,37,0,6
402,el-Haite,109,358,948,3,1,3,Adv,l37_401,47,44,37,0,8
403,three-square-meter,63,358,492,3,9,1,Ele,l37_401,50,47,37,0,9
404,al-Mamun.,31,358,378,3,9,3,Ele,l37_401,52,49,37,0,9
405,"open-minded,",83,358,720,3,10,5,Ele,l37_401,58,55,37,0,10
406,three-square-meter,77,358,606,3,9,1,Adv,l36_400,54,39,36,0,7
407,Seven-year-old,87,358,834,3,9,3,Adv,l36_400,57,41,36,0,7
408,three-square-meter,77,358,606,3,9,1,Adv,l50_425,10,7,50,0,2
409,Seven-year-old,87,358,834,3,9,3,Adv,l50_425,12,9,50,0,2
410,three-square-meter,77,358,606,3,9,1,Adv,l44_414,40,37,44,0,7
411,Seven-year-old,87,358,834,3,9,3,Adv,l44_414,42,39,44,0,7
412,three-square-meter,77,358,606,3,9,1,Adv,l58_466,21,21,58,0,4
413,Seven-year-old,87,358,834,3,9,3,Adv,l58_466,23,23,58,0,4
414,100-seat,92,358,834,3,3,4,Adv,l43_413,13,13,43,0,2
415,"open-minded,",83,358,720,3,10,5,Ele,l43_413,42,42,43,0,7
416,three-square-meter,63,358,492,3,9,1,Ele,l43_413,44,44,43,0,8
417,al-Mamun.,31,358,378,3,9,3,Ele,l43_413,46,46,43,0,8
418,el-Haite,109,358,948,3,1,3,Adv,l43_413,55,54,43,0,10
419,three-square-meter,77,358,606,3,9,1,Adv,l42_459,51,48,42,0,9
420,Seven-year-old,87,358,834,3,9,3,Adv,l42_459,53,50,42,0,9
421,three-square-meter,63,358,492,3,9,1,Ele,l29_454,10,10,29,0,2
422,al-Mamun.,31,358,378,3,9,3,Ele,l29_454,12,12,29,0,2
423,100-seat,92,358,834,3,3,4,Adv,l29_454,22,22,29,0,4
424,el-Haite,109,358,948,3,1,3,Adv,l29_454,33,33,29,0,6
425,"open-minded,",83,358,720,3,10,5,Ele,l29_454,50,50,29,0,9
426,three-square-meter,77,358,606,3,9,1,Adv,l40_458,53,53,40,0,10
427,Seven-year-old,87,358,834,3,9,3,Adv,l40_458,55,55,40,0,10
428,three-square-meter,63,358,492,3,9,1,Ele,l49_424,11,8,49,0,2
429,al-Mamun.,31,358,378,3,9,3,Ele,l49_424,14,10,49,0,2
430,el-Haite,109,358,948,3,1,3,Adv,l49_424,18,14,49,0,3
431,100-seat,92,358,834,3,3,4,Adv,l49_424,31,25,49,0,5
432,"open-minded,",83,358,720,3,10,5,Ele,l49_424,38,31,49,0,6
433,100-seat,92,358,834,3,3,4,Adv,l53_432,25,20,53,0,3
434,el-Haite,109,358,948,3,1,3,Adv,l53_432,30,24,53,0,4
435,three-square-meter,63,358,492,3,9,1,Ele,l53_432,33,27,53,0,5
436,al-Mamun.,31,358,378,3,9,3,Ele,l53_432,36,29,53,0,5
437,"open-minded,",83,358,720,3,10,5,Ele,l53_432,57,44,53,0,8
438,"open-minded,",83,358,720,3,10,5,Ele,l51_429,21,19,51,0,3
439,three-square-meter,63,358,492,3,9,1,Ele,l51_429,43,39,51,0,7
440,al-Mamun.,31,358,378,3,9,3,Ele,l51_429,45,41,51,0,7
441,el-Haite,109,358,948,3,1,3,Adv,l51_429,53,49,51,0,9
442,100-seat,92,358,834,3,3,4,Adv,l51_429,63,55,51,0,10
443,el-Haite,109,358,948,3,1,3,Adv,l47_420,12,12,47,0,2
444,100-seat,92,358,834,3,3,4,Adv,l47_420,18,18,47,0,3
445,"open-minded,",83,358,720,3,10,5,Ele,l47_420,29,29,47,0,5
446,three-square-meter,63,358,492,3,9,1,Ele,l47_420,31,31,47,0,6
447,al-Mamun.,31,358,378,3,9,3,Ele,l47_420,33,33,47,0,6
448,film-makers.,16,358,264,2,8,6,Adv,l57_2095,24,22,57,0,4
449,post-genocide,32,358,378,2,8,6,Adv,l57_2095,24,22,57,0,4
450,film-editing,95,358,834,2,8,6,Adv,l57_2095,24,22,57,0,4
451,51-year-old,64,358,606,2,1,5,Adv,l57_2095,55,51,57,0,9
452,three-square-meter,54,358,492,3,9,1,Ele,l33_515,9,8,33,0,2
453,e-bicycles,65,358,606,3,6,3,Adv,l33_515,24,18,33,0,4
454,French-Canadian,49,358,492,3,7,4,Adv,l33_515,53,42,33,0,8
455,brand-new,19,358,264,3,7,5,Adv,l33_515,54,43,33,0,8
456,"open-minded,",83,358,720,3,10,5,Ele,l33_515,69,55,33,0,10
457,three-square-meter,68,358,606,3,9,1,Adv,l54_516,39,39,54,0,8
458,100sq-meter,43,358,492,2,6,2,Adv,l14_527,21,21,14,0,4
459,honey-flavored,47,358,492,2,8,2,Ele,l14_527,40,40,14,0,8
460,three-square-meter,68,358,606,3,9,1,Adv,l46_2096,3,3,46,0,1
461,Seven-year-old,87,358,834,3,9,3,Adv,l46_2096,5,5,46,0,1
462,film-makers.,16,358,264,2,8,6,Adv,l37_534,37,34,37,0,6
463,post-genocide,32,358,378,2,8,6,Adv,l37_534,37,34,37,0,6
464,film-editing,95,358,834,2,8,6,Adv,l37_534,37,34,37,0,6
465,deep-fried,17,358,264,2,10,2,Adv,l37_534,61,54,37,0,10
466,deep-fried,17,358,264,2,10,2,Adv,l45_543,33,32,45,0,6
467,film-makers.,16,358,264,2,8,6,Adv,l45_543,45,44,45,0,8
468,post-genocide,32,358,378,2,8,6,Adv,l45_543,45,44,45,0,8
469,film-editing,95,358,834,2,8,6,Adv,l45_543,45,44,45,0,8
470,film-makers.,16,358,264,2,8,6,Adv,l55_519,12,8,55,0,1
471,post-genocide,32,358,378,2,8,6,Adv,l55_519,12,8,55,0,1
472,film-editing,95,358,834,2,8,6,Adv,l55_519,12,8,55,0,1
473,deep-fried,17,358,264,2,10,2,Adv,l55_519,53,44,55,0,8
474,"open-minded,",83,358,720,3,10,5,Ele,l59_546,12,12,59,0,2
475,three-square-meter,54,358,492,3,9,1,Ele,l59_546,24,23,59,0,5
476,e-bicycles,65,358,606,3,6,3,Adv,l59_546,41,35,59,0,7
477,French-Canadian,49,358,492,3,7,4,Adv,l59_546,55,48,59,0,9
478,brand-new,19,358,264,3,7,5,Adv,l59_546,56,49,59,0,9
479,100sq-meter,43,358,492,2,6,2,Adv,l48_535,23,19,48,0,4
480,honey-flavored,47,358,492,2,8,2,Ele,l48_535,34,29,48,0,6
481,three-square-meter,68,358,606,3,9,1,Adv,l60_518,37,32,60,0,6
482,top-level,71,358,606,1,8,3,Ele,l12_41,25,18,12,1,3
483,hunter-gatherer,47,358,492,1,6,4,Adv,l12_41,53,43,12,1,8
484,credit-card,35,358,378,1,10,1,Adv,l9_38,25,23,9,1,5
485,south-east,32,358,378,1,1,5,Adv,l9_38,38,34,9,1,6
486,south-east,32,358,378,1,1,5,Adv,l11_40,28,27,11,1,5
487,credit-card,35,358,378,1,10,1,Adv,l11_40,51,50,11,1,10
488,hunter-gatherer,47,358,492,1,6,4,Adv,l10_39,18,16,10,1,3
489,top-level,71,358,606,1,8,3,Ele,l10_39,28,26,10,1,5
490,hunter-gatherer,47,358,492,1,6,4,Adv,l60_198,20,18,60,1,3
491,top-level,71,358,606,1,8,3,Ele,l60_198,69,54,60,1,10
492,top-level,71,358,606,1,8,3,Ele,l48_153,38,30,48,1,5
493,hunter-gatherer,47,358,492,1,6,4,Adv,l48_153,57,45,48,1,8
494,top-level,71,358,606,1,8,3,Ele,l2_65,40,37,2,1,7
495,hunter-gatherer,47,358,492,1,6,4,Adv,l2_65,53,50,2,1,9
496,hunter-gatherer,47,358,492,1,6,4,Adv,l32_63,13,13,32,1,2
497,top-level,71,358,606,1,8,3,Ele,l32_63,49,49,32,1,9
498,credit-card,35,358,378,1,10,1,Adv,l49_154,39,34,49,1,7
499,south-east,32,358,378,1,1,5,Adv,l49_154,50,45,49,1,8
500,south-east,32,358,378,1,1,5,Adv,l47_144,28,18,47,1,3
501,credit-card,35,358,378,1,10,1,Adv,l47_144,37,26,47,1,5
502,credit-card,35,358,378,1,10,1,Adv,l39_122,35,31,39,1,7
503,south-east,32,358,378,1,1,5,Adv,l39_122,46,42,39,1,8
504,hunter-gatherer,47,358,492,1,6,4,Adv,l22_53,12,10,22,1,2
505,top-level,71,358,606,1,8,3,Ele,l22_53,15,13,22,1,3
506,south-east,32,358,378,1,1,5,Adv,l15_45,39,34,15,1,6
507,credit-card,35,358,378,1,10,1,Adv,l15_45,46,41,15,1,8
508,credit-card,35,358,378,1,10,1,Adv,l55_180,8,8,55,1,2
509,south-east,32,358,378,1,1,5,Adv,l55_180,19,19,55,1,3
510,credit-card,35,358,378,1,10,1,Adv,l23_54,18,18,23,1,4
511,south-east,32,358,378,1,1,5,Adv,l23_54,29,29,23,1,5
512,credit-card,35,358,378,1,10,1,Adv,l59_191,3,3,59,1,1
513,south-east,32,358,378,1,1,5,Adv,l59_191,14,14,59,1,2
514,top-level,71,358,606,1,8,3,Ele,l14_43,15,12,14,1,2
515,hunter-gatherer,47,358,492,1,6,4,Adv,l14_43,40,35,14,1,6
516,hunter-gatherer,47,358,492,1,6,4,Adv,l8_76,6,6,8,1,1
517,top-level,71,358,606,1,8,3,Ele,l8_76,54,54,8,1,10
518,credit-card,35,358,378,1,10,1,Adv,l17_48,7,7,17,1,2
519,south-east,32,358,378,1,1,5,Adv,l17_48,55,54,17,1,10
520,top-level,71,358,606,1,8,3,Ele,l30_61,11,11,30,1,2
521,hunter-gatherer,47,358,492,1,6,4,Adv,l30_61,42,38,30,1,7
522,hunter-gatherer,47,358,492,1,6,4,Adv,l4_68,24,23,4,1,4
523,top-level,71,358,606,1,8,3,Ele,l4_68,46,42,4,1,8
524,top-level,71,358,606,1,8,3,Ele,l20_51,13,12,20,1,2
525,hunter-gatherer,47,358,492,1,6,4,Adv,l20_51,62,56,20,1,10
526,south-east,32,358,378,1,1,5,Adv,l7_71,10,7,7,1,1
527,credit-card,35,358,378,1,10,1,Adv,l7_71,51,45,7,1,9
528,credit-card,35,358,378,1,10,1,Adv,l51_158,18,13,51,1,3
529,south-east,32,358,378,1,1,5,Adv,l51_158,37,30,51,1,5
530,south-east,32,358,378,1,1,5,Adv,l5_69,31,28,5,1,5
531,credit-card,35,358,378,1,10,1,Adv,l5_69,38,35,5,1,7
532,credit-card,35,358,378,1,10,1,Adv,l53_166,23,16,53,1,4
533,south-east,32,358,378,1,1,5,Adv,l53_166,73,49,53,1,9
534,hunter-gatherer,47,358,492,1,6,4,Adv,l50_156,14,12,50,1,2
535,top-level,71,358,606,1,8,3,Ele,l50_156,28,26,50,1,5
536,top-level,71,358,606,1,8,3,Ele,l16_46,12,11,16,1,2
537,hunter-gatherer,47,358,492,1,6,4,Adv,l16_46,27,26,16,1,5
538,south-east,32,358,378,1,1,5,Adv,l25_56,12,11,25,1,2
539,credit-card,35,358,378,1,10,1,Adv,l25_56,41,40,25,1,8
540,hunter-gatherer,47,358,492,1,6,4,Adv,l6_70,25,23,6,1,4
541,top-level,71,358,606,1,8,3,Ele,l6_70,42,37,6,1,7
542,hunter-gatherer,47,358,492,1,6,4,Adv,l26_57,31,29,26,1,5
543,top-level,71,358,606,1,8,3,Ele,l26_57,47,45,26,1,8
544,top-level,71,358,606,1,8,3,Ele,l46_141,32,32,46,1,6
545,hunter-gatherer,47,358,492,1,6,4,Adv,l46_141,43,43,46,1,8
546,credit-card,35,358,378,1,10,1,Adv,l35_85,26,26,35,1,6
547,south-east,32,358,378,1,1,5,Adv,l35_85,45,43,35,1,8
548,credit-card,35,358,378,1,10,1,Adv,l27_58,26,23,27,1,5
549,south-east,32,358,378,1,1,5,Adv,l27_58,57,54,27,1,10
550,top-level,71,358,606,1,8,3,Ele,l40_123,11,10,40,1,2
551,hunter-gatherer,47,358,492,1,6,4,Adv,l40_123,46,45,40,1,8
552,hunter-gatherer,47,358,492,1,6,4,Adv,l54_171,46,41,54,1,7
553,top-level,71,358,606,1,8,3,Ele,l54_171,55,50,54,1,9
554,south-east,32,358,378,1,1,5,Adv,l3_66,41,36,3,1,7
555,credit-card,35,358,378,1,10,1,Adv,l3_66,54,44,3,1,9
556,credit-card,35,358,378,1,10,1,Adv,l43_152,24,23,43,1,5
557,south-east,32,358,378,1,1,5,Adv,l43_152,55,54,43,1,10
558,top-level,71,358,606,1,8,3,Ele,l24_55,25,24,24,1,4
559,hunter-gatherer,47,358,492,1,6,4,Adv,l24_55,57,56,24,1,10
560,top-level,71,358,606,1,8,3,Ele,l28_59,26,22,28,1,4
561,hunter-gatherer,47,358,492,1,6,4,Adv,l28_59,32,28,28,1,5
562,south-east,32,358,378,1,1,5,Adv,l37_87,51,47,37,1,9
563,credit-card,35,358,378,1,10,1,Adv,l37_87,55,50,37,1,10
564,hunter-gatherer,47,358,492,1,6,4,Adv,l58_189,43,39,58,1,7
565,top-level,71,358,606,1,8,3,Ele,l58_189,59,54,58,1,10
566,south-east,32,358,378,1,1,5,Adv,l13_42,48,28,13,1,5
567,credit-card,35,358,378,1,10,1,Adv,l13_42,61,41,13,1,8
568,credit-card,35,358,378,1,10,1,Adv,l45_139,31,24,45,1,5
569,south-east,32,358,378,1,1,5,Adv,l45_139,59,50,45,1,9
570,south-east,32,358,378,1,1,5,Adv,l21_52,20,19,21,1,3
571,credit-card,35,358,378,1,10,1,Adv,l21_52,38,36,21,1,7
572,credit-card,35,358,378,1,10,1,Adv,l31_62,8,8,31,1,2
573,south-east,32,358,378,1,1,5,Adv,l31_62,35,34,31,1,6
574,credit-card,35,358,378,1,10,1,Adv,l19_50,12,8,19,1,2
575,south-east,32,358,378,1,1,5,Adv,l19_50,62,50,19,1,9
576,credit-card,35,358,378,1,10,1,Adv,l1_64,3,3,1,1,1
577,south-east,32,358,378,1,1,5,Adv,l1_64,19,19,1,1,3
578,south-east,32,358,378,1,1,5,Adv,l29_60,32,32,29,1,6
579,credit-card,35,358,378,1,10,1,Adv,l29_60,46,45,29,1,9
580,hunter-gatherer,47,358,492,1,6,4,Adv,l52_164,14,12,52,1,2
581,top-level,71,358,606,1,8,3,Ele,l52_164,22,20,52,1,4
582,honey-flavored,47,358,492,2,8,2,Ele,l22_229,28,26,22,1,5
583,100sq-meter,43,358,492,2,6,2,Adv,l22_229,46,43,22,1,8
584,film-makers.,16,358,264,2,8,6,Adv,l3_163,8,8,3,1,1
585,post-genocide,32,358,378,2,8,6,Adv,l3_163,8,8,3,1,1
586,film-editing,95,358,834,2,8,6,Adv,l3_163,8,8,3,1,1
587,deep-fried,17,358,264,2,10,2,Adv,l3_163,42,42,3,1,8
588,honey-flavored,47,358,492,2,8,2,Ele,l20_226,48,42,20,1,8
589,100sq-meter,43,358,492,2,6,2,Adv,l20_226,62,54,20,1,10
590,film-makers.,16,358,264,2,8,6,Adv,l13_206,36,19,13,1,3
591,post-genocide,32,358,378,2,8,6,Adv,l13_206,36,19,13,1,3
592,film-editing,95,358,834,2,8,6,Adv,l13_206,36,19,13,1,3
593,deep-fried,17,358,264,2,10,2,Adv,l13_206,61,37,13,1,7
594,deep-fried,17,358,264,2,10,2,Adv,l1_155,43,42,1,1,8
595,film-makers.,16,358,264,2,8,6,Adv,l1_155,58,56,1,1,10
596,post-genocide,32,358,378,2,8,6,Adv,l1_155,58,56,1,1,10
597,film-editing,95,358,834,2,8,6,Adv,l1_155,58,56,1,1,10
598,film-makers.,16,358,264,2,8,6,Adv,l21_227,22,21,21,1,3
599,post-genocide,32,358,378,2,8,6,Adv,l21_227,22,21,21,1,3
600,film-editing,95,358,834,2,8,6,Adv,l21_227,22,21,21,1,3
601,deep-fried,17,358,264,2,10,2,Adv,l21_227,45,43,21,1,8
602,film-makers.,16,358,264,2,8,6,Adv,l23_235,18,15,23,1,2
603,post-genocide,32,358,378,2,8,6,Adv,l23_235,18,15,23,1,2
604,film-editing,95,358,834,2,8,6,Adv,l23_235,18,15,23,1,2
605,deep-fried,17,358,264,2,10,2,Adv,l23_235,41,38,23,1,7
606,deep-fried,17,358,264,2,10,2,Adv,l15_214,15,10,15,1,2
607,film-makers.,16,358,264,2,8,6,Adv,l15_214,53,43,15,1,8
608,post-genocide,32,358,378,2,8,6,Adv,l15_214,53,43,15,1,8
609,film-editing,95,358,834,2,8,6,Adv,l15_214,53,43,15,1,8
610,film-makers.,16,358,264,2,8,6,Adv,l33_258,43,42,33,1,7
611,post-genocide,32,358,378,2,8,6,Adv,l33_258,43,42,33,1,7
612,film-editing,95,358,834,2,8,6,Adv,l33_258,43,42,33,1,7
613,deep-fried,17,358,264,2,10,2,Adv,l33_258,55,54,33,1,10
614,deep-fried,17,358,264,2,10,2,Adv,l9_195,35,27,9,1,5
615,film-makers.,16,358,264,2,8,6,Adv,l9_195,65,56,9,1,10
616,post-genocide,32,358,378,2,8,6,Adv,l9_195,65,56,9,1,10
617,film-editing,95,358,834,2,8,6,Adv,l9_195,65,56,9,1,10
618,100sq-meter,43,358,492,2,6,2,Adv,l16_215,11,8,16,1,2
619,honey-flavored,47,358,492,2,8,2,Ele,l16_215,15,12,16,1,3
620,film-makers.,16,358,264,2,8,6,Adv,l29_247,13,12,29,1,2
621,post-genocide,32,358,378,2,8,6,Adv,l29_247,13,12,29,1,2
622,film-editing,95,358,834,2,8,6,Adv,l29_247,13,12,29,1,2
623,deep-fried,17,358,264,2,10,2,Adv,l29_247,57,47,29,1,9
624,deep-fried,17,358,264,2,10,2,Adv,l7_183,11,10,7,1,2
625,film-makers.,16,358,264,2,8,6,Adv,l7_183,31,30,7,1,5
626,post-genocide,32,358,378,2,8,6,Adv,l7_183,31,30,7,1,5
627,film-editing,95,358,834,2,8,6,Adv,l7_183,31,30,7,1,5
628,honey-flavored,47,358,492,2,8,2,Ele,l6_176,9,8,6,1,2
629,100sq-meter,43,358,492,2,6,2,Adv,l6_176,37,36,6,1,7
630,100sq-meter,43,358,492,2,6,2,Adv,l14_212,25,21,14,1,4
631,honey-flavored,47,358,492,2,8,2,Ele,l14_212,46,40,14,1,8
632,film-makers.,16,358,264,2,8,6,Adv,l31_251,8,8,31,1,1
633,post-genocide,32,358,378,2,8,6,Adv,l31_251,8,8,31,1,1
634,film-editing,95,358,834,2,8,6,Adv,l31_251,8,8,31,1,1
635,deep-fried,17,358,264,2,10,2,Adv,l31_251,10,10,31,1,2
636,honey-flavored,47,358,492,2,8,2,Ele,l4_169,42,40,4,1,7
637,100sq-meter,43,358,492,2,6,2,Adv,l4_169,48,46,4,1,8
638,100sq-meter,43,358,492,2,6,2,Adv,l30_249,13,10,30,1,2
639,honey-flavored,47,358,492,2,8,2,Ele,l30_249,33,25,30,1,5
640,deep-fried,17,358,264,2,10,2,Adv,l19_225,19,19,19,1,4
641,film-makers.,16,358,264,2,8,6,Adv,l19_225,42,40,19,1,7
642,post-genocide,32,358,378,2,8,6,Adv,l19_225,42,40,19,1,7
643,film-editing,95,358,834,2,8,6,Adv,l19_225,42,40,19,1,7
644,honey-flavored,47,358,492,2,8,2,Ele,l18_222,18,14,18,1,3
645,100sq-meter,43,358,492,2,6,2,Adv,l18_222,51,41,18,1,8
646,100sq-meter,43,358,492,2,6,2,Adv,l8_185,4,4,8,1,1
647,honey-flavored,47,358,492,2,8,2,Ele,l8_185,56,52,8,1,10
648,honey-flavored,47,358,492,2,8,2,Ele,l2_160,6,4,2,1,1
649,100sq-meter,43,358,492,2,6,2,Adv,l2_160,53,48,2,1,9
650,honey-flavored,47,358,492,2,8,2,Ele,l12_204,18,16,12,1,3
651,100sq-meter,43,358,492,2,6,2,Adv,l12_204,24,22,12,1,4
652,honey-flavored,47,358,492,2,8,2,Ele,l24_236,17,14,24,1,3
653,100sq-meter,43,358,492,2,6,2,Adv,l24_236,75,54,24,1,10
654,100sq-meter,43,358,492,2,6,2,Adv,l32_255,14,14,32,1,3
655,honey-flavored,47,358,492,2,8,2,Ele,l32_255,24,24,32,1,5
656,film-makers.,16,358,264,2,8,6,Adv,l25_238,36,33,25,1,6
657,post-genocide,32,358,378,2,8,6,Adv,l25_238,36,33,25,1,6
658,film-editing,95,358,834,2,8,6,Adv,l25_238,36,33,25,1,6
659,deep-fried,17,358,264,2,10,2,Adv,l25_238,46,42,25,1,8
660,deep-fried,17,358,264,2,10,2,Adv,l5_175,7,4,5,1,1
661,film-makers.,16,358,264,2,8,6,Adv,l5_175,30,24,5,1,4
662,post-genocide,32,358,378,2,8,6,Adv,l5_175,30,24,5,1,4
663,film-editing,95,358,834,2,8,6,Adv,l5_175,30,24,5,1,4
664,honey-flavored,47,358,492,2,8,2,Ele,l26_239,7,4,26,1,1
665,100sq-meter,43,358,492,2,6,2,Adv,l26_239,14,10,26,1,2
666,100sq-meter,43,358,492,2,6,2,Adv,l28_242,4,4,28,1,1
667,honey-flavored,47,358,492,2,8,2,Ele,l28_242,17,17,28,1,4
668,e-bicycles,65,358,606,3,6,3,Adv,l1_321,15,15,1,1,3
669,three-square-meter,54,358,492,3,9,1,Ele,l1_321,20,20,1,1,4
670,French-Canadian,49,358,492,3,7,4,Adv,l1_321,27,27,1,1,5
671,brand-new,19,358,264,3,7,5,Adv,l1_321,28,28,1,1,5
672,"open-minded,",83,358,720,3,10,5,Ele,l1_321,38,35,1,1,6
673,three-square-meter,68,358,606,3,9,1,Adv,l4_326,3,3,4,1,1
674,French-Canadian,49,358,492,3,7,4,Adv,l3_325,7,6,3,1,1
675,brand-new,19,358,264,3,7,5,Adv,l3_325,9,7,3,1,1
676,e-bicycles,65,358,606,3,6,3,Adv,l3_325,15,12,3,1,2
677,three-square-meter,54,358,492,3,9,1,Ele,l3_325,48,37,3,1,7
678,"open-minded,",83,358,720,3,10,5,Ele,l3_325,59,45,3,1,8
679,three-square-meter,68,358,606,3,9,1,Adv,l2_323,63,53,2,1,10
680,deep-fried,17,358,264,2,10,2,Adv,l41_295,16,16,41,1,3
681,film-makers.,16,358,264,2,8,6,Adv,l41_295,29,28,41,1,5
682,post-genocide,32,358,378,2,8,6,Adv,l41_295,29,28,41,1,5
683,film-editing,95,358,834,2,8,6,Adv,l41_295,29,28,41,1,5
684,deep-fried,17,358,264,2,10,2,Adv,l47_313,29,27,47,1,5
685,film-makers.,16,358,264,2,8,6,Adv,l47_313,43,41,47,1,7
686,post-genocide,32,358,378,2,8,6,Adv,l47_313,43,41,47,1,7
687,film-editing,95,358,834,2,8,6,Adv,l47_313,43,41,47,1,7
688,honey-flavored,47,358,492,2,8,2,Ele,l40_294,20,18,40,1,4
689,100sq-meter,43,358,492,2,6,2,Adv,l40_294,49,42,40,1,8
690,film-makers.,16,358,264,2,8,6,Adv,l37_273,35,34,37,1,6
691,post-genocide,32,358,378,2,8,6,Adv,l37_273,35,34,37,1,6
692,film-editing,95,358,834,2,8,6,Adv,l37_273,35,34,37,1,6
693,deep-fried,17,358,264,2,10,2,Adv,l37_273,55,54,37,1,10
694,honey-flavored,47,358,492,2,8,2,Ele,l38_285,4,4,38,1,1
695,100sq-meter,43,358,492,2,6,2,Adv,l38_285,27,20,38,1,4
696,deep-fried,17,358,264,2,10,2,Adv,l45_306,40,32,45,1,6
697,film-makers.,16,358,264,2,8,6,Adv,l45_306,59,44,45,1,8
698,post-genocide,32,358,378,2,8,6,Adv,l45_306,59,44,45,1,8
699,film-editing,95,358,834,2,8,6,Adv,l45_306,59,44,45,1,8
700,100sq-meter,43,358,492,2,6,2,Adv,l42_297,6,4,42,1,1
701,honey-flavored,47,358,492,2,8,2,Ele,l42_297,16,14,42,1,3
702,honey-flavored,47,358,492,2,8,2,Ele,l46_311,22,21,46,1,4
703,100sq-meter,43,358,492,2,6,2,Adv,l46_311,47,43,46,1,8
704,film-makers.,16,358,264,2,8,6,Adv,l27_270,8,8,27,1,1
705,post-genocide,32,358,378,2,8,6,Adv,l27_270,8,8,27,1,1
706,film-editing,95,358,834,2,8,6,Adv,l27_270,8,8,27,1,1
707,deep-fried,17,358,264,2,10,2,Adv,l27_270,40,37,27,1,7
708,deep-fried,17,358,264,2,10,2,Adv,l43_302,8,8,43,1,2
709,film-makers.,16,358,264,2,8,6,Adv,l43_302,16,16,43,1,3
710,post-genocide,32,358,378,2,8,6,Adv,l43_302,16,16,43,1,3
711,film-editing,95,358,834,2,8,6,Adv,l43_302,16,16,43,1,3
712,deep-fried,17,358,264,2,10,2,Adv,l35_264,26,20,35,1,4
713,film-makers.,16,358,264,2,8,6,Adv,l35_264,50,34,35,1,6
714,post-genocide,32,358,378,2,8,6,Adv,l35_264,50,34,35,1,6
715,film-editing,95,358,834,2,8,6,Adv,l35_264,50,34,35,1,6
716,film-makers.,16,358,264,2,8,6,Adv,l39_289,19,19,39,1,3
717,post-genocide,32,358,378,2,8,6,Adv,l39_289,19,19,39,1,3
718,film-editing,95,358,834,2,8,6,Adv,l39_289,19,19,39,1,3
719,deep-fried,17,358,264,2,10,2,Adv,l39_289,30,30,39,1,6
720,honey-flavored,47,358,492,2,8,2,Ele,l44_305,4,4,44,1,1
721,100sq-meter,43,358,492,2,6,2,Adv,l44_305,22,20,44,1,4
722,100sq-meter,43,358,492,2,6,2,Adv,l48_315,23,19,48,1,4
723,honey-flavored,47,358,492,2,8,2,Ele,l48_315,34,29,48,1,6
724,e-bicycles,65,358,606,3,6,3,Adv,l11_342,11,10,11,1,2
725,three-square-meter,54,358,492,3,9,1,Ele,l11_342,46,40,11,1,8
726,French-Canadian,49,358,492,3,7,4,Adv,l11_342,55,47,11,1,9
727,brand-new,19,358,264,3,7,5,Adv,l11_342,56,48,11,1,9
728,"open-minded,",83,358,720,3,10,5,Ele,l11_342,66,55,11,1,10
729,three-square-meter,54,358,492,3,9,1,Ele,l21_363,10,8,21,1,2
730,e-bicycles,65,358,606,3,6,3,Adv,l21_363,21,19,21,1,4
731,French-Canadian,49,358,492,3,7,4,Adv,l21_363,40,38,21,1,7
732,brand-new,19,358,264,3,7,5,Adv,l21_363,41,39,21,1,7
733,"open-minded,",83,358,720,3,10,5,Ele,l21_363,48,46,21,1,8
734,three-square-meter,68,358,606,3,9,1,Adv,l12_343,4,3,12,1,1
735,three-square-meter,54,358,492,3,9,1,Ele,l7_333,7,3,7,1,1
736,e-bicycles,65,358,606,3,6,3,Adv,l7_333,22,14,7,1,3
737,"open-minded,",83,358,720,3,10,5,Ele,l7_333,31,23,7,1,4
738,French-Canadian,49,358,492,3,7,4,Adv,l7_333,60,49,7,1,9
739,brand-new,19,358,264,3,7,5,Adv,l7_333,61,50,7,1,9
740,three-square-meter,68,358,606,3,9,1,Adv,l22_364,12,10,22,1,2
741,three-square-meter,54,358,492,3,9,1,Ele,l33_391,8,8,33,1,2
742,e-bicycles,65,358,606,3,6,3,Adv,l33_391,20,18,33,1,4
743,French-Canadian,49,358,492,3,7,4,Adv,l33_391,60,42,33,1,8
744,brand-new,19,358,264,3,7,5,Adv,l33_391,61,43,33,1,8
745,"open-minded,",83,358,720,3,10,5,Ele,l33_391,73,55,33,1,10
746,three-square-meter,68,358,606,3,9,1,Adv,l26_376,33,31,26,1,6
747,three-square-meter,68,358,606,3,9,1,Adv,l30_385,3,3,30,1,1
748,e-bicycles,65,358,606,3,6,3,Adv,l27_377,11,11,27,1,2
749,"open-minded,",83,358,720,3,10,5,Ele,l27_377,21,20,27,1,3
750,French-Canadian,49,358,492,3,7,4,Adv,l27_377,30,29,27,1,5
751,brand-new,19,358,264,3,7,5,Adv,l27_377,31,30,27,1,5
752,three-square-meter,54,358,492,3,9,1,Ele,l27_377,39,38,27,1,7
753,three-square-meter,54,358,492,3,9,1,Ele,l23_371,10,8,23,1,2
754,"open-minded,",83,358,720,3,10,5,Ele,l23_371,31,27,23,1,5
755,e-bicycles,65,358,606,3,6,3,Adv,l23_371,37,31,23,1,6
756,French-Canadian,49,358,492,3,7,4,Adv,l23_371,45,39,23,1,7
757,brand-new,19,358,264,3,7,5,Adv,l23_371,46,40,23,1,7
758,French-Canadian,49,358,492,3,7,4,Adv,l13_347,12,11,13,1,2
759,brand-new,19,358,264,3,7,5,Adv,l13_347,13,12,13,1,2
760,three-square-meter,54,358,492,3,9,1,Ele,l13_347,21,20,13,1,4
761,"open-minded,",83,358,720,3,10,5,Ele,l13_347,36,34,13,1,6
762,e-bicycles,65,358,606,3,6,3,Adv,l13_347,41,38,13,1,7
763,three-square-meter,68,358,606,3,9,1,Adv,l6_330,53,53,6,1,10
764,three-square-meter,68,358,606,3,9,1,Adv,l20_361,25,24,20,1,5
765,three-square-meter,68,358,606,3,9,1,Adv,l14_349,50,48,14,1,9
766,three-square-meter,54,358,492,3,9,1,Ele,l19_359,15,13,19,1,3
767,e-bicycles,65,358,606,3,6,3,Adv,l19_359,21,19,19,1,4
768,"open-minded,",83,358,720,3,10,5,Ele,l19_359,30,28,19,1,5
769,French-Canadian,49,358,492,3,7,4,Adv,l19_359,56,53,19,1,10
770,brand-new,19,358,264,3,7,5,Adv,l19_359,57,54,19,1,10
771,e-bicycles,65,358,606,3,6,3,Adv,l29_383,7,5,29,1,1
772,three-square-meter,54,358,492,3,9,1,Ele,l29_383,15,10,29,1,2
773,French-Canadian,49,358,492,3,7,4,Adv,l29_383,47,27,29,1,5
774,brand-new,19,358,264,3,7,5,Adv,l29_383,49,28,29,1,5
775,"open-minded,",83,358,720,3,10,5,Ele,l29_383,71,50,29,1,9
776,three-square-meter,68,358,606,3,9,1,Adv,l16_353,22,19,16,1,4
777,French-Canadian,49,358,492,3,7,4,Adv,l25_374,12,11,25,1,2
778,brand-new,19,358,264,3,7,5,Adv,l25_374,13,12,25,1,2
779,e-bicycles,65,358,606,3,6,3,Adv,l25_374,40,37,25,1,7
780,"open-minded,",83,358,720,3,10,5,Ele,l25_374,49,46,25,1,8
781,three-square-meter,54,358,492,3,9,1,Ele,l25_374,59,53,25,1,10
782,e-bicycles,65,358,606,3,6,3,Adv,l31_387,6,5,31,1,1
783,French-Canadian,49,358,492,3,7,4,Adv,l31_387,23,22,31,1,4
784,brand-new,19,358,264,3,7,5,Adv,l31_387,24,23,31,1,4
785,"open-minded,",83,358,720,3,10,5,Ele,l31_387,38,36,31,1,6
786,three-square-meter,54,358,492,3,9,1,Ele,l31_387,52,48,31,1,9
787,three-square-meter,68,358,606,3,9,1,Adv,l32_389,20,20,32,1,4
788,French-Canadian,49,358,492,3,7,4,Adv,l17_355,8,6,17,1,1
789,brand-new,19,358,264,3,7,5,Adv,l17_355,9,7,17,1,1
790,"open-minded,",83,358,720,3,10,5,Ele,l17_355,28,23,17,1,4
791,three-square-meter,54,358,492,3,9,1,Ele,l17_355,31,25,17,1,5
792,e-bicycles,65,358,606,3,6,3,Adv,l17_355,62,47,17,1,9
793,three-square-meter,68,358,606,3,9,1,Adv,l8_335,25,25,8,1,5
794,three-square-meter,68,358,606,3,9,1,Adv,l10_338,10,9,10,1,2
795,credit-card,35,358,378,1,10,1,Adv,l41_286,8,7,41,1,2
796,south-east,32,358,378,1,1,5,Adv,l41_286,19,18,41,1,3
797,south-east,32,358,378,1,1,5,Adv,l33_284,29,27,33,1,5
798,credit-card,35,358,378,1,10,1,Adv,l33_284,52,50,33,1,10
799,"open-minded,",83,358,720,3,10,5,Ele,l5_328,22,17,5,1,3
800,three-square-meter,54,358,492,3,9,1,Ele,l5_328,32,25,5,1,5
801,French-Canadian,49,358,492,3,7,4,Adv,l5_328,56,46,5,1,9
802,brand-new,19,358,264,3,7,5,Adv,l5_328,58,47,5,1,9
803,e-bicycles,65,358,606,3,6,3,Adv,l5_328,63,52,5,1,10
804,three-square-meter,68,358,606,3,9,1,Adv,l24_370,10,8,24,1,2
805,e-bicycles,65,358,606,3,6,3,Adv,l15_351,10,10,15,1,2
806,French-Canadian,49,358,492,3,7,4,Adv,l15_351,25,24,15,1,4
807,brand-new,19,358,264,3,7,5,Adv,l15_351,26,25,15,1,4
808,"open-minded,",83,358,720,3,10,5,Ele,l15_351,47,46,15,1,8
809,three-square-meter,54,358,492,3,9,1,Ele,l15_351,49,48,15,1,9
810,three-square-meter,68,358,606,3,9,1,Adv,l28_379,8,8,28,1,2
811,three-square-meter,68,358,606,3,9,1,Adv,l18_358,12,10,18,1,2
812,south-east,32,358,378,1,1,5,Adv,l57_288,24,23,57,1,4
813,credit-card,35,358,378,1,10,1,Adv,l57_288,41,40,57,1,8
814,hunter-gatherer,47,358,492,1,6,4,Adv,l38_97,26,26,38,1,5
815,top-level,71,358,606,1,8,3,Ele,l38_97,43,41,38,1,8
816,film-makers.,16,358,264,2,8,6,Adv,l17_493,50,45,17,1,8
817,post-genocide,32,358,378,2,8,6,Adv,l17_493,50,45,17,1,8
818,film-editing,95,358,834,2,8,6,Adv,l17_493,50,45,17,1,8
819,51-year-old,64,358,606,2,1,5,Adv,l17_493,62,55,17,1,10
820,51-year-old,64,358,606,2,1,5,Adv,l51_497,16,13,51,1,2
821,film-makers.,16,358,264,2,8,6,Adv,l51_497,44,41,51,1,7
822,post-genocide,32,358,378,2,8,6,Adv,l51_497,44,41,51,1,7
823,film-editing,95,358,834,2,8,6,Adv,l51_497,44,41,51,1,7
824,51-year-old,64,358,606,2,1,5,Adv,l53_498,42,39,53,1,7
825,film-makers.,16,358,264,2,8,6,Adv,l53_498,59,56,53,1,10
826,post-genocide,32,358,378,2,8,6,Adv,l53_498,59,56,53,1,10
827,film-editing,95,358,834,2,8,6,Adv,l53_498,59,56,53,1,10
828,film-makers.,16,358,264,2,8,6,Adv,l59_504,30,29,59,1,5
829,post-genocide,32,358,378,2,8,6,Adv,l59_504,30,29,59,1,5
830,film-editing,95,358,834,2,8,6,Adv,l59_504,30,29,59,1,5
831,51-year-old,64,358,606,2,1,5,Adv,l59_504,51,49,59,1,9
832,6.30am;,17,358,264,1,9,2,Ele,l36_486,41,38,36,1,7
833,10-year-olds,52,358,492,1,9,2,Ele,l36_486,41,38,36,1,7
834,hunter-gatherer,47,358,492,1,6,4,Adv,l36_486,49,46,36,1,8
835,film-makers.,16,358,264,2,8,6,Adv,l55_500,15,8,55,1,1
836,post-genocide,32,358,378,2,8,6,Adv,l55_500,15,8,55,1,1
837,film-editing,95,358,834,2,8,6,Adv,l55_500,15,8,55,1,1
838,51-year-old,64,358,606,2,1,5,Adv,l55_500,29,18,55,1,3
839,6.30am;,17,358,264,1,9,2,Ele,l56_489,28,22,56,1,4
840,10-year-olds,52,358,492,1,9,2,Ele,l56_489,28,22,56,1,4
841,hunter-gatherer,47,358,492,1,6,4,Adv,l56_489,64,46,56,1,8
842,hunter-gatherer,47,358,492,1,6,4,Adv,l42_488,13,6,42,1,1
843,6.30am;,17,358,264,1,9,2,Ele,l42_488,30,15,42,1,3
844,10-year-olds,52,358,492,1,9,2,Ele,l42_488,30,15,42,1,3
845,el-Haite,114,358,948,3,1,3,Adv,l57_439,16,10,57,1,2
846,"open-minded,",94,358,720,3,10,5,Ele,l57_439,24,17,57,1,3
847,three-square-meter,70,358,492,3,9,1,Ele,l57_439,42,35,57,1,7
848,al-Mamun.,46,358,378,3,9,3,Ele,l57_439,44,37,57,1,7
849,100-seat,100,358,834,3,3,4,Adv,l57_439,56,48,57,1,9
850,100-seat,96,358,834,3,3,4,Adv,l53_431,22,20,53,1,3
851,el-Haite,114,358,948,3,1,3,Adv,l53_431,26,24,53,1,4
852,three-square-meter,69,358,492,3,9,1,Ele,l53_431,29,27,53,1,5
853,al-Mamun.,36,358,378,3,9,3,Ele,l53_431,31,29,53,1,5
854,"open-minded,",94,358,720,3,10,5,Ele,l53_431,47,44,53,1,8
855,100-seat,100,358,834,3,3,4,Adv,l45_452,18,18,45,1,3
856,"open-minded,",94,358,720,3,10,5,Ele,l45_452,24,24,45,1,4
857,three-square-meter,70,358,492,3,9,1,Ele,l45_452,31,31,45,1,6
858,al-Mamun.,46,358,378,3,9,3,Ele,l45_452,33,33,45,1,6
859,el-Haite,114,358,948,3,1,3,Adv,l45_452,47,47,45,1,9
860,three-square-meter,83,358,606,3,9,1,Adv,l46_453,5,3,46,1,1
861,Seven-year-old,92,358,834,3,9,3,Adv,l46_453,8,5,46,1,1
862,three-square-meter,83,358,606,3,9,1,Adv,l34_447,14,13,34,1,3
863,Seven-year-old,92,358,834,3,9,3,Adv,l34_447,16,15,34,1,3
864,three-square-meter,84,358,606,3,9,1,Adv,l44_412,37,37,44,1,7
865,Seven-year-old,102,358,834,3,9,3,Adv,l44_412,39,39,44,1,7
866,three-square-meter,83,358,606,3,9,1,Adv,l40_405,67,53,40,1,10
867,Seven-year-old,92,358,834,3,9,3,Adv,l40_405,69,55,40,1,10
868,el-Haite,114,358,948,3,1,3,Adv,l41_451,33,32,41,1,6
869,100-seat,96,358,834,3,3,4,Adv,l41_451,39,38,41,1,7
870,"open-minded,",94,358,720,3,10,5,Ele,l41_451,45,44,41,1,8
871,three-square-meter,69,358,492,3,9,1,Ele,l41_451,54,53,41,1,10
872,al-Mamun.,36,358,378,3,9,3,Ele,l41_451,56,55,41,1,10
873,three-square-meter,83,358,606,3,9,1,Adv,l58_441,21,21,58,1,4
874,Seven-year-old,92,358,834,3,9,3,Adv,l58_441,23,23,58,1,4
875,100-seat,99,358,834,3,3,4,Adv,l37_395,35,35,37,1,6
876,el-Haite,119,358,948,3,1,3,Adv,l37_395,44,44,37,1,8
877,three-square-meter,71,358,492,3,9,1,Ele,l37_395,47,47,37,1,9
878,al-Mamun.,41,358,378,3,9,3,Ele,l37_395,49,49,37,1,9
879,"open-minded,",95,358,720,3,10,5,Ele,l37_395,55,55,37,1,10
880,three-square-meter,85,358,606,3,9,1,Adv,l36_394,40,39,36,1,7
881,Seven-year-old,97,358,834,3,9,3,Adv,l36_394,42,41,36,1,7
882,three-square-meter,85,358,606,3,9,1,Adv,l54_461,42,39,54,1,8
883,Seven-year-old,97,358,834,3,9,3,Adv,l54_461,44,41,54,1,8
884,"open-minded,",95,358,720,3,10,5,Ele,l55_435,11,7,55,1,1
885,three-square-meter,71,358,492,3,9,1,Ele,l55_435,13,9,55,1,2
886,al-Mamun.,41,358,378,3,9,3,Ele,l55_435,17,11,55,1,2
887,el-Haite,119,358,948,3,1,3,Adv,l55_435,23,15,55,1,3
888,100-seat,99,358,834,3,3,4,Adv,l55_435,30,21,55,1,4
889,three-square-meter,85,358,606,3,9,1,Adv,l48_422,32,30,48,1,6
890,Seven-year-old,97,358,834,3,9,3,Adv,l48_422,34,32,48,1,6
891,el-Haite,114,358,948,3,1,3,Adv,l47_457,13,12,47,1,2
892,100-seat,96,358,834,3,3,4,Adv,l47_457,19,18,47,1,3
893,"open-minded,",94,358,720,3,10,5,Ele,l47_457,32,29,47,1,5
894,three-square-meter,69,358,492,3,9,1,Ele,l47_457,34,31,47,1,6
895,al-Mamun.,36,358,378,3,9,3,Ele,l47_457,36,33,47,1,6
896,three-square-meter,84,358,606,3,9,1,Adv,l50_460,7,7,50,1,2
897,Seven-year-old,102,358,834,3,9,3,Adv,l50_460,9,9,50,1,2
898,three-square-meter,85,358,606,3,9,1,Adv,l60_446,40,32,60,1,6
899,Seven-year-old,97,358,834,3,9,3,Adv,l60_446,42,34,60,1,6
900,"open-minded,",94,358,720,3,10,5,Ele,l35_450,14,14,35,1,2
901,100-seat,96,358,834,3,3,4,Adv,l35_450,19,19,35,1,3
902,three-square-meter,69,358,492,3,9,1,Ele,l35_450,21,21,35,1,4
903,al-Mamun.,36,358,378,3,9,3,Ele,l35_450,23,23,35,1,4
904,el-Haite,114,358,948,3,1,3,Adv,l35_450,43,43,35,1,8
905,"open-minded,",94,358,720,3,10,5,Ele,l51_427,20,19,51,1,3
906,three-square-meter,70,358,492,3,9,1,Ele,l51_427,40,39,51,1,7
907,al-Mamun.,46,358,378,3,9,3,Ele,l51_427,42,41,51,1,7
908,el-Haite,114,358,948,3,1,3,Adv,l51_427,50,49,51,1,9
909,100-seat,100,358,834,3,3,4,Adv,l51_427,56,55,51,1,10
910,three-square-meter,83,358,606,3,9,1,Adv,l52_428,16,16,52,1,3
911,Seven-year-old,92,358,834,3,9,3,Adv,l52_428,18,18,52,1,3
912,three-square-meter,84,358,606,3,9,1,Adv,l38_396,49,43,38,1,8
913,Seven-year-old,102,358,834,3,9,3,Adv,l38_396,51,45,38,1,8
914,100-seat,99,358,834,3,3,4,Adv,l43_411,13,13,43,1,2
915,"open-minded,",95,358,720,3,10,5,Ele,l43_411,43,42,43,1,7
916,three-square-meter,71,358,492,3,9,1,Ele,l43_411,45,44,43,1,8
917,al-Mamun.,41,358,378,3,9,3,Ele,l43_411,47,46,43,1,8
918,el-Haite,119,358,948,3,1,3,Adv,l43_411,55,54,43,1,10
919,film-makers.,16,358,264,2,8,6,Adv,l57_501,38,22,57,1,4
920,post-genocide,32,358,378,2,8,6,Adv,l57_501,38,22,57,1,4
921,film-editing,95,358,834,2,8,6,Adv,l57_501,38,22,57,1,4
922,51-year-old,64,358,606,2,1,5,Adv,l57_501,74,51,57,1,9
923,51-year-old,64,358,606,2,1,5,Adv,l49_510,8,7,49,1,1
924,film-makers.,16,358,264,2,8,6,Adv,l49_510,55,52,49,1,9
925,post-genocide,32,358,378,2,8,6,Adv,l49_510,55,52,49,1,9
926,film-editing,95,358,834,2,8,6,Adv,l49_510,55,52,49,1,9
927,film-makers.,16,358,264,2,8,6,Adv,l11_525,25,22,11,1,4
928,post-genocide,32,358,378,2,8,6,Adv,l11_525,25,22,11,1,4
929,film-editing,95,358,834,2,8,6,Adv,l11_525,25,22,11,1,4
930,deep-fried,17,358,264,2,10,2,Adv,l11_525,67,54,11,1,10
931,100sq-meter,43,358,492,2,6,2,Adv,l36_524,4,4,36,1,1
932,honey-flavored,47,358,492,2,8,2,Ele,l36_524,19,19,36,1,4
933,three-square-meter,68,358,606,3,9,1,Adv,l42_2070,50,48,42,1,9
934,hunter-gatherer,47,358,492,1,6,4,Adv,l18_526,6,6,18,1,1
935,top-level,71,358,606,1,8,3,Ele,l18_526,25,20,18,1,4
936,"open-minded,",83,358,720,3,10,5,Ele,l59_547,14,12,59,1,2
937,three-square-meter,54,358,492,3,9,1,Ele,l59_547,27,23,59,1,5
938,e-bicycles,65,358,606,3,6,3,Adv,l59_547,43,35,59,1,7
939,French-Canadian,49,358,492,3,7,4,Adv,l59_547,56,48,59,1,9
940,brand-new,19,358,264,3,7,5,Adv,l59_547,57,49,59,1,9
941,top-level,71,358,606,1,8,3,Ele,l44_540,5,5,44,1,1
942,hunter-gatherer,47,358,492,1,6,4,Adv,l44_540,52,49,44,1,9
943,"open-minded,",83,358,720,3,10,5,Ele,l39_542,18,17,39,1,3
944,French-Canadian,49,358,492,3,7,4,Adv,l39_542,40,33,39,1,6
945,brand-new,19,358,264,3,7,5,Adv,l39_542,41,34,39,1,6
946,e-bicycles,65,358,606,3,6,3,Adv,l39_542,57,48,39,1,9
947,three-square-meter,54,358,492,3,9,1,Ele,l39_542,62,53,39,1,10
948,three-square-meter,68,358,606,3,9,1,Adv,l56_522,21,20,56,1,4
949,top-level,71,358,606,1,8,3,Ele,l34_512,12,12,34,1,2
950,hunter-gatherer,47,358,492,1,6,4,Adv,l34_512,58,56,34,1,10
951,three-square-meter,54,358,492,3,9,1,Ele,l49_529,8,8,49,1,2
952,"open-minded,",83,358,720,3,10,5,Ele,l49_529,32,31,49,1,6
953,French-Canadian,49,358,492,3,7,4,Adv,l49_529,37,36,49,1,7
954,brand-new,19,358,264,3,7,5,Adv,l49_529,38,37,49,1,7
955,e-bicycles,65,358,606,3,6,3,Adv,l49_529,59,52,49,1,10
956,three-square-meter,54,358,492,3,9,1,Ele,l9_536,6,3,9,1,1
957,French-Canadian,49,358,492,3,7,4,Adv,l9_536,41,29,9,1,6
958,brand-new,19,358,264,3,7,5,Adv,l9_536,42,30,9,1,6
959,e-bicycles,65,358,606,3,6,3,Adv,l9_536,47,35,9,1,7
960,"open-minded,",83,358,720,3,10,5,Ele,l9_536,59,44,9,1,8
